Kriterium_deu;Erklärung_Kriterium_deu;Frage (deu);Erklärung_deu;Antwort_1;Gewichtung_1;Antwort_2;Gewichtung_2;Antwort_3;Gewichtung_3;Antwort_4;Gewichtung_4;Antwort_5;Gewichtung_5
Offenlegungsgrad;;Ist das Dateiformat offen spezifiziert?;"Anders gefragt, hat jede:r das Recht, die Spezifikation zu lesen, anzuwenden, und basierend darauf, Werkzeuge zu entwickeln?

Die offene Standardisierung von Dateiformaten erlaubt es im Fall der Formatobsoleszenz, Lese- und Konvertierungsprogramme neu zu erstellen. Bei nicht offenen Formaten besteht das Risiko, dass es nicht mehr migrierbar ist, weil keine Konvertierungsprogramme entwickelt werden können. Siehe z.B. [Wikipedia - Offenes Format](https://de.wikipedia.org/wiki/Offenes_Format) oder [File Format Guidance for Researchers](https://doi.org/10.5281/zenodo.20288160)

[Google-Suche: Ist das Dateiformat {selectedFormatName} offen spezifiziert?](https://www.google.com/search?q=Ist das Dateiformat {selectedFormatName} offen spezifiziert?)";Ja;2;Nein;0;Sonstige;0;;;;
Offenlegungsgrad;;Gibt es aktuell verfügbare und lauffähige Validierungswerkzeuge?;"Für Dateiformate in der digitalen Langzeitarchivierung sollten geeignete Validatoren oder zumindest Referenzimplementierungen zur Verfügung stehen, die eine Beurteilung ermöglichen, inwieweit Dateien von Programmen interpretiert werden können.

[JHOVE](https://jhove.openpreservation.org/) identifiziert und validiert Formate wie PDF, TIFF, JPEG, XML, HTML und WAV. [veraPDF](https://verapdf.org/home/) kann auf PDF/A-Konformität validieren. [MediaConch](https://mediaarea.net/MediaConch) ist spezialisiert auf die Validierung von Audio- und Videodateien, insbesondere für die Formate Matroska (MKV), FFV1 und LPCM.

[Google-Suche: Validierungswerkzeuge für das Format {selectedFormatName}](https://www.google.com/search?q=Gibt es aktuell verfügbare und lauffähige Werkzeuge zur Validierung für das Format {selectedFormatName}?)";Ja;2;Nein;0;Sonstige;1;;;;
Offenlegungsgrad;;Ist das Dateiformat durch eine internationale Standardisierungsorganisation geprüft und als Standard veröffentlicht?;"Bei international als Standard anerkannten Dateiformaten besteht ein geringeres Risiko, dass sie später nicht mehr nutzbar sind.

[Google-Suche: Ist das Dateiformat {selectedFormatName} durch eine internationale Standardisierungsorganisation geprüft und als Standard veröffentlicht?](https://www.google.com/search?q=Ist das Dateiformat {selectedFormatName} durch eine internationale Standardisierungsorganisation geprüft und als Standard veröffentlicht?)";Ja;2;Nein;0;Sonstige;1;;;;
Adoptionsgrad;;Wird das Dateiformat häufig verwendet?;"Je weiter ein Dateiformat verbreitet ist, um so geringer das Risiko, dass ein Dateiformat nicht mehr migrierbar ist, weil niemand das Dateiformat kennt.

Weitverbreitete Dateiformate bringen es mit sich, dass das Formatwissen über diese stärker verbreitet und für die Nachwelt eher dokumentiert ist. Hinzu kommt, dass die Verfügbarkeit von geeigneter Software mit hoher Wahrscheinlichkeit länger gegeben ist.";Ja;2;Nein;0;Sonstige;0;;;;
Adoptionsgrad;;Wird das Dateiformat aktiv betreut?;"Für die Risikoprognose ist es sehr vorteilhaft, wenn ein Format durch eine Vielzahl von Akteur:innen aktiv betreut wird.

[Google-Suche: Wird das Dateiformat {selectedFormatName} aktiv betreut?](https://www.google.com/search?q=Wird das Dateiformat {selectedFormatName} aktiv betreut?)";durch Community;3;durch einzelne, öffentliche Einrichtung oder Firma;2;durch einzelne Person;1;Gar nicht;0;;
Adoptionsgrad;;Sind für das Dateiformat verschiedene Anzeigeprogramme verfügbar?;"Es ist von Vorteil, wenn es mehr als ein Programm gibt, um ein Dateiformat anzuzeigen oder zu bearbeiten.

[Google-Suche: Anzeigeprogramme für das Dateiformat {selectedFormatName}](https://www.google.com/search?q=Anzeigeprogramme für das Dateiformat {selectedFormatName})";Ja;2;Nein;0;Sonstige;0;;;;
Transparenzgrad;;Ist das Dateiformat menschenlesbar und mittels Texteditor anzeig- und bearbeitbar?;"Anders gefragt: Handelt es sich um eine textbasiertes oder ein Binärformat?

Textdateien sind leichter zu analysieren, weil sie aus lesbaren Schriftzeichen bestehen, während Binärdateien beliebige Byte-Folgen enthalten, die für Menschen wie kryptische Sonderzeichen aussehen. Die Frage lässt sich meist leicht beantworten, indem man eine solche Datei mit einem Texteditor wie Notepad oder TextEdit öffnet.

Ein Sonderfall sind Containerformate (z. B. moderne Office-Dateien wie .docx oder .odf), die zwar im Kern textbasiert, aber als ZIP-Archiv komprimiert sind und sich daher wie Binärdateien verhalten, bis man sie entpackt.";Ja;1;Nein;0;Sonstige;0;;;;
Grad der Selbstdokumentation;;Enthält das Format eine Selbstbeschreibung durch deskriptive Metadaten?;"Deskriptive Metadaten beschreiben den Inhalt eines digitalen Objektes. Bei einem Textdokument wären dies z.B. Informationen zum Autor oder eine Inhaltsbeschreibung, bei Bilddateien z.B. Schlagworte oder Rechteangaben. [NESTOR-Wiki](https://wiki.dnb.de/spaces/NESTOR/pages/95651769/Metadaten+Struktur)

[Google-Suche: Enthält das Format {selectedFormatName} eine Selbstbeschreibung durch deskriptive Metadaten?](https://www.google.com/search?q=Enthält das Format {selectedFormatName} eine Selbstbeschreibung durch deskriptive Metadaten?)";Ja;2;Nein;0;Sonstige;0;;;;
Grad der Selbstdokumentation;;Enthält das Format eine Selbstbeschreibung durch technische Metadaten?;"Technische Metadaten beinhalten unter anderem Angaben über das Dateiformat, über die Datenmenge und über die Software, mit der die Datei erstellt worden ist. [NESTOR-Wiki](https://wiki.dnb.de/spaces/NESTOR/pages/95651769/Metadaten+Struktur)

[Google-Suche: Enthält das Format {selectedFormatName} eine Selbstbeschreibung durch technische Metadaten?](https://www.google.com/search?q=Enthält das Format {selectedFormatName} eine Selbstbeschreibung durch technische Metadaten?)

Ein Sonderfall ist das sog. Magic Byte, eine Art von Signatur, die sich meist am Dateianfang befindet. Dieses ermöglicht Tools wie DROID eine einfache Identifikation des Dateiformats, sofern das Format in PRONOM gelistet ist.

[Suche in PRONOM nach Format '{selectedFormatName}' ](https://pronom.nationalarchives.gov.uk/search?q={selectedFormatName})";Ja;2;Nein;0;Sonstige;0;;;;
Grad der Selbstdokumentation;;Liegen diese Metadaten in einem anerkannten, internationalen Metadatenstandard vor?;"Anerkannte Metadatenstandards verringern das Risiko, dass die Bedeutung der Metadaten verloren geht. In Bilddateien sind beispielsweise deskriptive Metadaten wie Schlagworte üblicherweise im IPTC- oder XMP-Standard formatiert. Technische Metadaten werden von Kameras im EXIF-Format aufgezeichnet.

[Google-Suche: Liegen die eingebetteten Metadaten des Dateiformats {selectedFormatName} in einem anerkannten, internationalen Metadatenstandard vor?](https://www.google.com/search?q=Liegen die eingebetteten Metadaten des Dateiformats {selectedFormatName} in einem anerkannten, internationalen Metadatenstandard vor?)";Ja;2;Nein;0;Sonstige;0;;;;
Grad der Abhängigkeit von externer Hard- und Software;;Benötigt das Dateiformat proprietäre Software [Soft- und Hardware], um es anschauen, nutzen und migrieren zu können?;"Es ist von Vorteil, wenn ein Dateiformat mit frei verfügbarer [Hardware und] quelloffener Software verarbeitet werden kann. (Proprietäre) Formate, die abhängig von spezifischer Soft- und Hardware sind, sind mit einem erhöhten Risiko behaftet, dass ein Erhalt der Nutzbarkeit durch Emulation und eine Formatmigration wegen fehlender Abspielumgebung nicht mehr durchführbar ist.

[Google-Suche: Benötigt das Dateiformat {selectedFormatName} proprietäre [Soft- und Hardware] um es verarbeiten zu können?](https://www.google.com/search?q=Benötigt das Dateiformat {selectedFormatName} proprietäre [Soft- und Hardware] um es verarbeiten zu können?)";Ja;0;Nein;3;Sonstige;1;;;;
Grad der Lizenz- und Patentabhängigkeit;;Ist das Format Gegenstand von Lizenz- oder Patentansprüchen, die die Entwicklung von Open-Source-Tools zum Öffnen und Verwalten der Dateien behindern könnten?;"Anders gefragt, ist das Dateiformat abhängig von Rechten Dritter?

Je mehr dies der Fall ist, desto höher ist das Risiko, dass ein Dateiformat nicht mehr migrierbar ist, weil keine Konvertierungsprogramme entwickelt werden dürfen.

Lizenzbehaftete, proprietäre Spezifikationen erschweren den Erhalt, da eine Sicherung der Spezifikationsdokumente notwendig ist und Lizenzgeber über die Zeit nicht mehr verfügbar sein können.

Die Frage gilt auch für in Containerformaten verwendete Audio- und Videostreams. Beispiel: Das MP4-Format ist als reiner Dateicontainer lizenzfrei, aber die darin verwendeten Codecs wie H.264 oder AAC unterliegen teils strengen Patentansprüchen und Lizenzgebühren.

[Google-Suche: Ist das Dateiformat {selectedFormatName} Gegenstand von Lizenz- oder Patentansprüchen?](https://www.google.com/search?q=Ist das Dateiformat {selectedFormatName} Gegenstand von Lizenz- oder Patentansprüchen?)";Ja;0;Nein;3;Sonstige;1;;;;
Grad der Lizenz- und Patentabhängigkeit;;Unterliegt die Formatspezifikation Open-Source-Lizenzbedingungen?;"Quelloffene Dateiformate sind von Vorteil, weil meist die Spezifikation vollständig bekannt ist, und der Entwicklung von Tools zur Verarbeitung und Konvertierung keine rechtlichen Hürden entgegen stehen.

[Google-Suche: Unterliegt die Formatspezifikation des Dateiformats {selectedFormatName} Open-Source-Lizenzbedingungen?](https://www.google.com/search?q=Unterliegt die Formatspezifikation des Dateiformats {selectedFormatName} Open-Source-Lizenzbedingungen?)";Ja;3;Nein;0;Sonstige;1;;;;
Grad der Stabilität;;Wann wurde die Formatspezifikation letztmalig aktualisiert?;"Wie aktuell und stabil ist das Dateiformat?

Die Antwort dient als Indiz für mögliche Formatobsoleszenz als auch für die Stabilität von Dateiformaten. 

Sie hilft, das Risiko zu bewerten, dass eine Datei nicht gelesen werden kann, weil die Dateiformatspezifikation veraltet oder noch zu sehr in der Entwicklung begriffen ist.

[Google-Suche: Wann wurde die Formatspezifikation für {selectedFormatName} letztmalig aktualisiert?](https://www.google.com/search?q=Wann wurde die Formatspezifikation für {selectedFormatName} letztmalig aktualisiert?)";vor mehr als 30 Jahren ;0;vor 20 Jahren;1;vor 10 Jahren;2;in den letzten 10 Jahren;3;;
Komplexitätsgrad;;Erlaubt die Spezifikation Varianten des Dateiformats?;"Je einfacher das Format, um so geringer ist das Risiko, dass Formatwissen nur mit unverhältnismäßig hohem Aufwand aufgebaut und Dateien nicht hinreichend analysisiert werden können.

Die geringe Komplexität eines Dateiformates geht oft mit einer besseren Verständlichkeit und einer weniger fehleranfälligen Implementierung einher.

[Google-Suche: Erlaubt die Spezifikation des Dateiformats {selectedFormatName} Varianten?](https://www.google.com/search?q=Erlaubt die Spezifikation des Dateiformats {selectedFormatName} Varianten?)";Ja;0;Nein;3;Sonstige;1;;;;
